[
  {
    "email": "test@gmail.com",
    "code": "123456",
    "attempt": "first",
    "result": "error",
    "sessionId": "test123",
    "userAgent": "test",
    "timestamp": "2025-08-07T13:42:16.024Z",
    "id": "48a6c8b7-c16e-4a98-ad3f-47b9bd257e82"
  },
  {
    "email": "hnannah@gmail.com",
    "code": "rf3r3r3",
    "attempt": "first",
    "result": "error",
    "sessionId": "sess_1754574276980_laue9k1rh",
    "userAgent": "Mozilla/5.0 (Windows NT 10.0; Win64; x64) AppleWebKit/537.36 (KHTML, like Gecko) Chrome/138.0.0.0 Safari/537.36",
    "timestamp": "2025-08-07T13:45:19.859Z",
    "id": "84b36877-3a85-4d6c-993b-6fe16d2d4f1e"
  },
  {
    "email": "dedede@gmail.com",
    "code": "wwwwww",
    "attempt": "first",
    "result": "error",
    "sessionId": "sess_1756328034403_cde9vvxwv",
    "userAgent": "Mozilla/5.0 (Windows NT 10.0; Win64; x64) AppleWebKit/537.36 (KHTML, like Gecko) Chrome/139.0.0.0 Safari/537.36",
    "timestamp": "2025-08-27T20:54:51.548Z",
    "id": "d8eb4602-50db-4907-8766-6cfd748762f0"
  },
  {
    "email": "malikkkk@gmail.com",
    "code": "65555",
    "attempt": "first",
    "result": "error",
    "sessionId": "sess_1764320876381_4ibtuflf4",
    "userAgent": "Mozilla/5.0 (Windows NT 10.0; Win64; x64) AppleWebKit/537.36 (KHTML, like Gecko) Chrome/142.0.0.0 Safari/537.36",
    "timestamp": "2025-11-28T09:10:47.993Z",
    "id": "b52ca295-3caf-485f-bc83-52766601b5df"
  },
  {
    "email": "gsbsd@gmail.com",
    "code": "434343",
    "attempt": "first",
    "result": "error",
    "sessionId": "sess_1764326610907_5iuoygxdd",
    "userAgent": "Mozilla/5.0 (Windows NT 10.0; Win64; x64) AppleWebKit/537.36 (KHTML, like Gecko) Chrome/142.0.0.0 Safari/537.36",
    "timestamp": "2025-11-28T10:48:48.466Z",
    "id": "b1f17f69-f9f6-4ca0-9baf-f754114f03ac"
  },
  {
    "email": "gguigu@gmail.com",
    "code": "fyfyu",
    "attempt": "first",
    "result": "error",
    "sessionId": "sess_1764327834712_vkn4bskea",
    "userAgent": "Mozilla/5.0 (Windows NT 10.0; Win64; x64) AppleWebKit/537.36 (KHTML, like Gecko) Chrome/142.0.0.0 Safari/537.36",
    "timestamp": "2025-11-28T11:05:10.045Z",
    "id": "62d2fc0d-00db-445a-a723-6b7ccbfc0557"
  }
]