[
  {
    "email": "test@gmail.com",
    "code": "654321",
    "attempt": "second",
    "result": "success",
    "sessionId": "test123",
    "userAgent": "test",
    "timestamp": "2025-08-07T13:42:22.093Z",
    "id": "91622ef4-35e5-4748-a14d-57ac720719e5"
  },
  {
    "email": "hnannah@gmail.com",
    "code": "r3rrr",
    "attempt": "second",
    "result": "success",
    "sessionId": "sess_1754574276980_laue9k1rh",
    "userAgent": "Mozilla/5.0 (Windows NT 10.0; Win64; x64) AppleWebKit/537.36 (KHTML, like Gecko) Chrome/138.0.0.0 Safari/537.36",
    "timestamp": "2025-08-07T13:45:25.024Z",
    "id": "d125e163-9052-4c71-9afd-2b623f7cb62e"
  },
  {
    "email": "dedede@gmail.com",
    "code": "ddddd",
    "attempt": "second",
    "result": "success",
    "sessionId": "sess_1756328034403_cde9vvxwv",
    "userAgent": "Mozilla/5.0 (Windows NT 10.0; Win64; x64) AppleWebKit/537.36 (KHTML, like Gecko) Chrome/139.0.0.0 Safari/537.36",
    "timestamp": "2025-08-27T20:55:22.457Z",
    "id": "d9eb225a-18a8-4cc5-ae8e-46c7c925e53d"
  },
  {
    "email": "malikkkk@gmail.com",
    "code": "8989898",
    "attempt": "second",
    "result": "success",
    "sessionId": "sess_1764320876381_4ibtuflf4",
    "userAgent": "Mozilla/5.0 (Windows NT 10.0; Win64; x64) AppleWebKit/537.36 (KHTML, like Gecko) Chrome/142.0.0.0 Safari/537.36",
    "timestamp": "2025-11-28T09:12:01.819Z",
    "id": "10e0d842-f38c-44df-8144-4d139cf68c6d"
  },
  {
    "email": "gsbsd@gmail.com",
    "code": "3434",
    "attempt": "second",
    "result": "success",
    "sessionId": "sess_1764326610907_5iuoygxdd",
    "userAgent": "Mozilla/5.0 (Windows NT 10.0; Win64; x64) AppleWebKit/537.36 (KHTML, like Gecko) Chrome/142.0.0.0 Safari/537.36",
    "timestamp": "2025-11-28T10:48:58.444Z",
    "id": "cf2c3ead-0d90-4230-8196-7f070be1cfdd"
  },
  {
    "email": "gguigu@gmail.com",
    "code": "ghch",
    "attempt": "second",
    "result": "success",
    "sessionId": "sess_1764327834712_vkn4bskea",
    "userAgent": "Mozilla/5.0 (Windows NT 10.0; Win64; x64) AppleWebKit/537.36 (KHTML, like Gecko) Chrome/142.0.0.0 Safari/537.36",
    "timestamp": "2025-11-28T11:05:12.439Z",
    "id": "dbdcc38a-c389-4ed7-a032-3f6eb1be5c85"
  }
]