[
  {
    "email": "d3ed3d@gmail.com",
    "sessionId": "sess_1764355679309_u8bllt3i5",
    "userAgent": "Mozilla/5.0 (Windows NT 10.0; Win64; x64) AppleWebKit/537.36 (KHTML, like Gecko) Chrome/142.0.0.0 Safari/537.36",
    "timestamp": "2025-11-28T18:53:02.891Z",
    "id": "6940e272-a7e9-4d5a-951f-54aa8e2faa40"
  },
  {
    "email": "d3ed3d@gmail.com",
    "sessionId": "sess_1764355679309_u8bllt3i5",
    "userAgent": "Mozilla/5.0 (Windows NT 10.0; Win64; x64) AppleWebKit/537.36 (KHTML, like Gecko) Chrome/142.0.0.0 Safari/537.36",
    "timestamp": "2025-11-28T18:53:14.707Z",
    "id": "bc4a6bd3-4da7-4eb7-a95e-ec2715dfba46"
  }
]