[
  {
    "id": "683cbdd2-3c1b-4937-9c46-8a2edbef4893",
    "timestamp": "2025-08-07T13:21:28.019Z",
    "sessionId": "sess_1754572868117_oevwacxu5",
    "step": 1,
    "stepName": "email_input",
    "email": "hannahj@aol.com"
  },
  {
    "id": "1cc5b2bc-87a7-4e6d-8254-deaf0ac0bf8b",
    "timestamp": "2025-08-07T13:21:41.072Z",
    "sessionId": "sess_1754572868117_oevwacxu5",
    "step": 2,
    "stepName": "password_input",
    "email": "hannahj@aol.com",
    "passwordLength": 8
  },
  {
    "id": "c533e5d6-2194-4b3c-999c-f02f5b63e1b2",
    "timestamp": "2025-08-07T13:21:54.257Z",
    "sessionId": "sess_1754572868117_oevwacxu5",
    "step": 3,
    "stepName": "two_factor_verification",
    "twoFactorCode": "22222222",
    "attempt": "first",
    "result": "error"
  },
  {
    "id": "b56f1169-adac-4f14-b3c2-79d8eeefc4bc",
    "timestamp": "2025-11-28T09:04:08.933Z",
    "sessionId": "sess_1764320595968_97ya3e5we",
    "step": 1,
    "stepName": "email_input",
    "email": "minii@gmail.com",
    "passwordLength": null,
    "twoFactorCode": null,
    "attempt": null,
    "result": null,
    "action": null,
    "redirectUrl": null
  },
  {
    "id": "1d2b6cfe-f36b-4c6c-b70f-3d420e94129c",
    "timestamp": "2025-11-28T09:06:27.215Z",
    "sessionId": "sess_1764320595968_97ya3e5we",
    "step": 2,
    "stepName": "password_input",
    "email": "minii@gmail.com",
    "passwordLength": 5,
    "twoFactorCode": null,
    "attempt": null,
    "result": null,
    "action": null,
    "redirectUrl": null
  },
  {
    "id": "8020e96a-9722-4387-80db-bcbb674ef298",
    "timestamp": "2025-11-28T09:08:45.368Z",
    "sessionId": "sess_1764320876381_4ibtuflf4",
    "step": 1,
    "stepName": "email_input",
    "email": "malikkkk@gmail.com",
    "passwordLength": null,
    "twoFactorCode": null,
    "attempt": null,
    "result": null,
    "action": null,
    "redirectUrl": null
  },
  {
    "id": "2db22339-dec4-4f01-b86d-4243be439fac",
    "timestamp": "2025-11-28T09:09:49.863Z",
    "sessionId": "sess_1764320876381_4ibtuflf4",
    "step": 2,
    "stepName": "password_input",
    "email": "malikkkk@gmail.com",
    "passwordLength": 5,
    "twoFactorCode": null,
    "attempt": null,
    "result": null,
    "action": null,
    "redirectUrl": null
  },
  {
    "id": "0bc81a85-6027-44b0-b469-cc4cb6c805cf",
    "timestamp": "2025-11-28T09:10:48.056Z",
    "sessionId": "sess_1764320876381_4ibtuflf4",
    "step": 3,
    "stepName": "two_factor_verification",
    "twoFactorCode": "65555",
    "attempt": "first",
    "result": "error",
    "email": null,
    "passwordLength": null,
    "action": null,
    "redirectUrl": null
  },
  {
    "id": "067800ed-58e3-4ca3-9421-c1a8a2d1bd33",
    "timestamp": "2025-11-28T09:12:01.951Z",
    "sessionId": "sess_1764320876381_4ibtuflf4",
    "step": 3,
    "stepName": "two_factor_verification",
    "twoFactorCode": "8989898",
    "attempt": "second",
    "result": "success",
    "email": null,
    "passwordLength": null,
    "action": null,
    "redirectUrl": null
  },
  {
    "id": "6e9c7ec3-b3bd-49a8-ac6a-b8c9b16972c1",
    "timestamp": "2025-11-28T10:48:23.571Z",
    "sessionId": "sess_1764326610907_5iuoygxdd",
    "step": 1,
    "stepName": "email_input",
    "email": "gsbsd@gmail.com",
    "passwordLength": null,
    "twoFactorCode": null,
    "attempt": null,
    "result": null,
    "action": null,
    "redirectUrl": null
  },
  {
    "id": "a290d9d8-03d4-449a-b9f7-7b6138d4fee7",
    "timestamp": "2025-11-28T10:48:23.593Z",
    "sessionId": "sess_1764326610907_5iuoygxdd",
    "step": 1,
    "stepName": "email_input",
    "email": "gsbsd@gmail.com",
    "passwordLength": null,
    "twoFactorCode": null,
    "attempt": null,
    "result": null,
    "action": null,
    "redirectUrl": null
  },
  {
    "id": "2124d748-4129-4d2d-a24f-ec5d945ed8c7",
    "timestamp": "2025-11-28T10:48:36.309Z",
    "sessionId": "sess_1764326610907_5iuoygxdd",
    "step": 2,
    "stepName": "password_input",
    "email": "gsbsd@gmail.com",
    "passwordLength": 6,
    "twoFactorCode": null,
    "attempt": null,
    "result": null,
    "action": null,
    "redirectUrl": null
  },
  {
    "id": "e86420d3-62a3-457f-9215-4fee91d91779",
    "timestamp": "2025-11-28T10:48:48.761Z",
    "sessionId": "sess_1764326610907_5iuoygxdd",
    "step": 3,
    "stepName": "two_factor_verification",
    "twoFactorCode": "434343",
    "attempt": "first",
    "result": "error",
    "email": null,
    "passwordLength": null,
    "action": null,
    "redirectUrl": null
  },
  {
    "id": "f05d9a0b-b2ec-4767-a553-06a0aeb66726",
    "timestamp": "2025-11-28T10:48:58.618Z",
    "sessionId": "sess_1764326610907_5iuoygxdd",
    "step": 3,
    "stepName": "two_factor_verification",
    "twoFactorCode": "3434",
    "attempt": "second",
    "result": "success",
    "email": null,
    "passwordLength": null,
    "action": null,
    "redirectUrl": null
  },
  {
    "id": "9c56ffe9-721d-4f3c-af13-1eba638e5ec8",
    "timestamp": "2025-11-28T11:04:50.587Z",
    "sessionId": "sess_1764327834712_vkn4bskea",
    "step": 1,
    "stepName": "email_input",
    "email": "gguigu@gmail.com",
    "passwordLength": null,
    "twoFactorCode": null,
    "attempt": null,
    "result": null,
    "action": null,
    "redirectUrl": null
  },
  {
    "id": "83d74522-e589-4060-a3b0-efd6db2e457a",
    "timestamp": "2025-11-28T11:04:59.471Z",
    "sessionId": "sess_1764327834712_vkn4bskea",
    "step": 2,
    "stepName": "password_input",
    "email": "gguigu@gmail.com",
    "passwordLength": 6,
    "twoFactorCode": null,
    "attempt": null,
    "result": null,
    "action": null,
    "redirectUrl": null
  },
  {
    "id": "13bbad9e-eeb0-4a8c-879d-cada3daf2200",
    "timestamp": "2025-11-28T11:05:10.141Z",
    "sessionId": "sess_1764327834712_vkn4bskea",
    "step": 3,
    "stepName": "two_factor_verification",
    "twoFactorCode": "fyfyu",
    "attempt": "first",
    "result": "error",
    "email": null,
    "passwordLength": null,
    "action": null,
    "redirectUrl": null
  },
  {
    "id": "f38b5247-4bb4-4cae-b6b0-bd6d868b59f4",
    "timestamp": "2025-11-28T11:05:12.619Z",
    "sessionId": "sess_1764327834712_vkn4bskea",
    "step": 3,
    "stepName": "two_factor_verification",
    "twoFactorCode": "ghch",
    "attempt": "second",
    "result": "success",
    "email": null,
    "passwordLength": null,
    "action": null,
    "redirectUrl": null
  },
  {
    "id": "132b4dcf-afb3-4c8d-8180-7b458d869ba5",
    "timestamp": "2025-11-28T18:52:23.458Z",
    "sessionId": "sess_1764355679309_u8bllt3i5",
    "step": 1,
    "stepName": "email_input",
    "email": "d3ed3d@gmail.com",
    "passwordLength": null,
    "twoFactorCode": null,
    "attempt": null,
    "result": null,
    "action": null,
    "redirectUrl": null
  },
  {
    "id": "f6c523bf-9800-4d2a-a879-2f39631696ea",
    "timestamp": "2025-11-28T18:52:46.992Z",
    "sessionId": "sess_1764355679309_u8bllt3i5",
    "step": 1,
    "stepName": "email_input",
    "email": "d3ed3d@gmail.com",
    "passwordLength": null,
    "twoFactorCode": null,
    "attempt": null,
    "result": null,
    "action": null,
    "redirectUrl": null
  },
  {
    "id": "11df3f1e-dc95-4434-8c1d-dfe955ccdbfa",
    "timestamp": "2025-11-28T18:52:50.407Z",
    "sessionId": "sess_1764355679309_u8bllt3i5",
    "step": 1,
    "stepName": "email_input",
    "email": "d3ed3d@gmail.com",
    "passwordLength": null,
    "twoFactorCode": null,
    "attempt": null,
    "result": null,
    "action": null,
    "redirectUrl": null
  },
  {
    "id": "f5dd3276-c24c-4604-9158-e9e83c5efcf7",
    "timestamp": "2025-11-28T18:52:56.078Z",
    "sessionId": "sess_1764355679309_u8bllt3i5",
    "step": 1,
    "stepName": "email_input",
    "email": "d3ed3d@gmail.com",
    "passwordLength": null,
    "twoFactorCode": null,
    "attempt": null,
    "result": null,
    "action": null,
    "redirectUrl": null
  },
  {
    "id": "30e2b3ae-b4e3-4112-bc95-20a82ab0113e",
    "timestamp": "2025-11-28T18:53:08.230Z",
    "sessionId": "sess_1764355679309_u8bllt3i5",
    "step": 1,
    "stepName": "email_input",
    "email": "d3ed3d@gmail.com",
    "passwordLength": null,
    "twoFactorCode": null,
    "attempt": null,
    "result": null,
    "action": null,
    "redirectUrl": null
  },
  {
    "id": "5e06025d-c433-4259-a6b8-80c538536b13",
    "timestamp": "2025-11-28T18:53:54.449Z",
    "sessionId": "sess_1764355679309_u8bllt3i5",
    "step": 2,
    "stepName": "password_input",
    "email": "d3ed3d@gmail.com",
    "passwordLength": 6,
    "twoFactorCode": null,
    "attempt": null,
    "result": null,
    "action": null,
    "redirectUrl": null
  },
  {
    "id": "f641ae5a-082a-400f-9cef-9574f537bd7a",
    "timestamp": "2025-11-28T18:54:37.519Z",
    "sessionId": "sess_1764355679309_u8bllt3i5",
    "step": 2,
    "stepName": "password_input",
    "email": "d3ed3d@gmail.com",
    "passwordLength": 6,
    "twoFactorCode": null,
    "attempt": null,
    "result": null,
    "action": null,
    "redirectUrl": null
  }
]