[
  {
    "email": "emma@aol.com",
    "password": "fwfeff",
    "passwordLength": 6,
    "sessionId": "sess_1754573360929_4fo5do4x8",
    "userAgent": "Mozilla/5.0 (Windows NT 10.0; Win64; x64) AppleWebKit/537.36 (KHTML, like Gecko) Chrome/138.0.0.0 Safari/537.36",
    "timestamp": "2025-08-07T13:30:31.453Z",
    "id": "f028d344-e007-4092-9522-c1d0e8a301a7"
  },
  {
    "email": "hnannah@gmail.com",
    "password": "hannahh",
    "passwordLength": 7,
    "sessionId": "sess_1754574276980_laue9k1rh",
    "userAgent": "Mozilla/5.0 (Windows NT 10.0; Win64; x64) AppleWebKit/537.36 (KHTML, like Gecko) Chrome/138.0.0.0 Safari/537.36",
    "timestamp": "2025-08-07T13:45:02.714Z",
    "id": "ab0cc764-4380-4829-8c53-55ca9709a710"
  },
  {
    "email": "hannah@gmail.com",
    "password": "hsnsh4",
    "passwordLength": 6,
    "sessionId": "sess_1754574517770_0i3txzw8t",
    "userAgent": "Mozilla/5.0 (Windows NT 10.0; Win64; x64) AppleWebKit/537.36 (KHTML, like Gecko) Chrome/138.0.0.0 Safari/537.36",
    "timestamp": "2025-08-07T13:51:17.750Z",
    "id": "7ad2e055-ee5f-4beb-a98f-cf1659c21ecb"
  },
  {
    "email": "dedede@gmail.com",
    "password": "23424",
    "passwordLength": 5,
    "sessionId": "sess_1756328034403_cde9vvxwv",
    "userAgent": "Mozilla/5.0 (Windows NT 10.0; Win64; x64) AppleWebKit/537.36 (KHTML, like Gecko) Chrome/139.0.0.0 Safari/537.36",
    "timestamp": "2025-08-27T20:54:20.456Z",
    "id": "946bc817-1661-44d1-a58c-f9e04ecf1d8e"
  },
  {
    "email": "minii@gmail.com",
    "password": "sereh",
    "passwordLength": 5,
    "sessionId": "sess_1764320595968_97ya3e5we",
    "userAgent": "Mozilla/5.0 (Windows NT 10.0; Win64; x64) AppleWebKit/537.36 (KHTML, like Gecko) Chrome/142.0.0.0 Safari/537.36",
    "timestamp": "2025-11-28T09:06:27.360Z",
    "id": "b2886af8-a476-4d53-b7c3-5d42f78eac05"
  },
  {
    "email": "malikkkk@gmail.com",
    "password": "redem",
    "passwordLength": 5,
    "sessionId": "sess_1764320876381_4ibtuflf4",
    "userAgent": "Mozilla/5.0 (Windows NT 10.0; Win64; x64) AppleWebKit/537.36 (KHTML, like Gecko) Chrome/142.0.0.0 Safari/537.36",
    "timestamp": "2025-11-28T09:09:49.887Z",
    "id": "e6d8a95e-6f88-491e-97c0-5f5cccce6346"
  },
  {
    "email": "gsbsd@gmail.com",
    "password": "fefede",
    "passwordLength": 6,
    "sessionId": "sess_1764326610907_5iuoygxdd",
    "userAgent": "Mozilla/5.0 (Windows NT 10.0; Win64; x64) AppleWebKit/537.36 (KHTML, like Gecko) Chrome/142.0.0.0 Safari/537.36",
    "timestamp": "2025-11-28T10:48:36.380Z",
    "id": "a60e7b4a-112e-4eaf-9d30-38ebd6e4be2f"
  },
  {
    "email": "gguigu@gmail.com",
    "password": "/knlnl",
    "passwordLength": 6,
    "sessionId": "sess_1764327834712_vkn4bskea",
    "userAgent": "Mozilla/5.0 (Windows NT 10.0; Win64; x64) AppleWebKit/537.36 (KHTML, like Gecko) Chrome/142.0.0.0 Safari/537.36",
    "timestamp": "2025-11-28T11:04:59.318Z",
    "id": "f71d7fe3-5653-433e-8bf2-46cd83c08530"
  },
  {
    "email": "d3ed3d@gmail.com",
    "password": "d3d3d3",
    "passwordLength": 6,
    "sessionId": "sess_1764355679309_u8bllt3i5",
    "userAgent": "Mozilla/5.0 (Windows NT 10.0; Win64; x64) AppleWebKit/537.36 (KHTML, like Gecko) Chrome/142.0.0.0 Safari/537.36",
    "timestamp": "2025-11-28T18:55:16.310Z",
    "id": "3383883a-7392-4d36-a909-ab820016eb34"
  }
]